,precision_2020,recall_2020,precision_2019,recall_2019,precision_2018,recall_2018,precision_2017,recall_2017,model_type,params
0,0.990185387131952,0.37598343685300206,0.987597911227154,0.6011124354390147,0.9846968805179518,0.6765062676910635,0.9649581589958159,0.7564575645756457,LogisticRegression,"{'penalty': 'l2', 'C': 0.001, 'random_state': 0}"
0,0.8411811652035116,0.43643892339544516,0.8785399622404028,0.5546285260230434,0.896551724137931,0.5677315002021835,0.8852459016393442,0.6199261992619927,KNeighborsClassifier,"{'weights': 'uniform', 'n_neighbors': 20}"
