,parameters_2020,precision_2020,parameters_2019,precision_2019,parameters_2018,precision_2018,parameters_2017,precision_2017,mean
0,"{'C': 1, 'random_state': 0}",0.2578576010262989,"{'C': 1, 'random_state': 0}",0.7511693171188026,"{'C': 1, 'random_state': 0}",1.0,"{'C': 1, 'random_state': 0}",0.9271844660194175,0.7340528460411297
0,"{'C': 10, 'random_state': 0}",0.2578576010262989,"{'C': 10, 'random_state': 0}",0.7511693171188026,"{'C': 10, 'random_state': 0}",1.0,"{'C': 10, 'random_state': 0}",0.9271844660194175,0.7340528460411297
0,"{'C': 100, 'random_state': 0}",0.2578576010262989,"{'C': 100, 'random_state': 0}",0.7511693171188026,"{'C': 100, 'random_state': 0}",1.0,"{'C': 100, 'random_state': 0}",0.9271844660194175,0.7340528460411297
0,"{'C': 0.1, 'random_state': 0}",0.25780581693755344,"{'C': 0.1, 'random_state': 0}",0.7511693171188026,"{'C': 0.1, 'random_state': 0}",1.0,"{'C': 0.1, 'random_state': 0}",0.8434959349593496,0.7131177672539264
0,"{'C': 0.01, 'random_state': 0}",0.25844141923035696,"{'C': 0.01, 'random_state': 0}",0.26515550869794413,"{'C': 0.01, 'random_state': 0}",0.2822654462242563,"{'C': 0.01, 'random_state': 0}",0.7384615384615385,0.38608097815352393
