,parameters_2019,precision_2019,parameters_2018,precision_2018,parameters_2017,precision_2017,mean
0,"{'C': 1, 'random_state': 0}",0.7511693171188026,"{'C': 1, 'random_state': 0}",1.0,"{'C': 1, 'random_state': 0}",0.9271844660194175,0.8927845943794068
0,"{'C': 10, 'random_state': 0}",0.7511693171188026,"{'C': 10, 'random_state': 0}",1.0,"{'C': 10, 'random_state': 0}",0.9271844660194175,0.8927845943794068
0,"{'C': 100, 'random_state': 0}",0.7511693171188026,"{'C': 100, 'random_state': 0}",1.0,"{'C': 100, 'random_state': 0}",0.9271844660194175,0.8927845943794068
0,"{'C': 0.1, 'random_state': 0}",0.7511693171188026,"{'C': 0.1, 'random_state': 0}",1.0,"{'C': 0.1, 'random_state': 0}",0.8434959349593496,0.864888417359384
0,"{'C': 0.01, 'random_state': 0}",0.26515550869794413,"{'C': 0.01, 'random_state': 0}",0.2822654462242563,"{'C': 0.01, 'random_state': 0}",0.7384615384615385,0.42862749779457965
